file,original_filename,referenced_filename,product_name,product_slug,category,width,height,bytes,md5,source_url,github_raw_url,full_size_substituted
products/01-dal-soup.jpg,dal-soup-1.jpg,dal-soup-1.jpg,01. Dal soup,01-dal-soup,Zupy,500,500,84360,8c4c55d134fe791faeecc9d67b21068b,https://arkuszowa.curry-house.pl/wp-content/uploads/2022/06/dal-soup-1.jpg,https://raw.githubusercontent.com/vkprajapati/restaurant-platform-images/Master/products/01-dal-soup.jpg,no
products/02-mushroom-palak-soup.jpg,palak-soup.jpg,palak-soup.jpg,02. Mushroom Palak Soup,02-mushroom-palak-soup,Zupy,500,500,65167,1721968248ffb7b8d71c091af450fa46,https://arkuszowa.curry-house.pl/wp-content/uploads/2022/06/palak-soup.jpg,https://raw.githubusercontent.com/vkprajapati/restaurant-platform-images/Master/products/02-mushroom-palak-soup.jpg,no
products/03-tomato-soup.jpg,tomato-soup.jpg,tomato-soup.jpg,03. Tomato soup,03-tomato-soup,Zupy,500,500,89239,5d998caa139d98c4b0447da358611017,https://arkuszowa.curry-house.pl/wp-content/uploads/2022/06/tomato-soup.jpg,https://raw.githubusercontent.com/vkprajapati/restaurant-platform-images/Master/products/03-tomato-soup.jpg,no
products/04-chicken-soup.jpg,chicken-soup.jpg,chicken-soup.jpg,04. Chicken Soup,04-chicken-soup,Zupy,500,500,84571,dc694687fd12f5ba916ef7cdf72fe754,https://arkuszowa.curry-house.pl/wp-content/uploads/2022/06/chicken-soup.jpg,https://raw.githubusercontent.com/vkprajapati/restaurant-platform-images/Master/products/04-chicken-soup.jpg,no
products/05-mutton-soup.jpg,mutton-soup.jpg,mutton-soup.jpg,05. Mutton soup,05-mutton-soup,Zupy,500,500,81486,4db6a3d31f963111e344f115f8e6d0c2,https://arkuszowa.curry-house.pl/wp-content/uploads/2022/06/mutton-soup.jpg,https://raw.githubusercontent.com/vkprajapati/restaurant-platform-images/Master/products/05-mutton-soup.jpg,no
products/06-green-salad.jpg,salad.jpg,salad.jpg,06. Green Salad,06-green-salad,Sałatki,500,500,91447,a90869051cbadc9413cd4ab1523683ec,https://arkuszowa.curry-house.pl/wp-content/uploads/2022/06/salad.jpg,https://raw.githubusercontent.com/vkprajapati/restaurant-platform-images/Master/products/06-green-salad.jpg,no
products/07-brinjol-and-cheese-salad.jpg,baklazan.jpg,baklazan.jpg,07. Brinjol And Cheese Salad,07-brinjol-and-cheese-salad,Sałatki,500,500,73314,c1e413ea3a424406373a53858430b719,https://arkuszowa.curry-house.pl/wp-content/uploads/2022/06/baklazan.jpg,https://raw.githubusercontent.com/vkprajapati/restaurant-platform-images/Master/products/07-brinjol-and-cheese-salad.jpg,no
products/08-chicken-tikka-salad.jpg,chicken-salad.jpg,chicken-salad.jpg,08. Chicken Tikka Salad 🌶️,08-chicken-tikka-salad,Sałatki,500,500,77236,1d31bbc610935c75268feeb872830742,https://arkuszowa.curry-house.pl/wp-content/uploads/2022/06/chicken-salad.jpg,https://raw.githubusercontent.com/vkprajapati/restaurant-platform-images/Master/products/08-chicken-tikka-salad.jpg,no
products/09-samosa-2-szt.jpg,samosa-1.jpg,samosa-1.jpg,09. Samosa (2 szt.),09-samosa-2-szt,Przystawki wegetariańskie,500,500,60391,412159cf8b3ce577a3f76cce3d56259d,https://arkuszowa.curry-house.pl/wp-content/uploads/2022/06/samosa-1.jpg,https://raw.githubusercontent.com/vkprajapati/restaurant-platform-images/Master/products/09-samosa-2-szt.jpg,no
products/10-paneer-pakora.jpg,paneer-pakora.jpg,paneer-pakora.jpg,10. Paneer Pakora,10-paneer-pakora,Przystawki wegetariańskie,500,500,71276,c75c088a896929df803bb5605a5f0ab6,https://arkuszowa.curry-house.pl/wp-content/uploads/2022/06/paneer-pakora.jpg,https://raw.githubusercontent.com/vkprajapati/restaurant-platform-images/Master/products/10-paneer-pakora.jpg,no
products/100-sweet-or-salty-lassi.jpg,lassi.jpg,lassi.jpg,100. Sweet Or Salty Lassi,100-sweet-or-salty-lassi,Indyjskie Napoje,500,500,42268,2aabe9fb68f5238f97d2cc7c84db46b9,https://arkuszowa.curry-house.pl/wp-content/uploads/2022/06/lassi.jpg,https://raw.githubusercontent.com/vkprajapati/restaurant-platform-images/Master/products/100-sweet-or-salty-lassi.jpg,no
products/101-mango-lassi.jpg,mango-lassi.jpg,mango-lassi.jpg,101. Mango Lassi,101-mango-lassi,Indyjskie Napoje,500,500,47788,43c80edd3391b9975fa3a16d2306dc1a,https://arkuszowa.curry-house.pl/wp-content/uploads/2022/06/mango-lassi.jpg,https://raw.githubusercontent.com/vkprajapati/restaurant-platform-images/Master/products/101-mango-lassi.jpg,no
products/11-mix-veg-pakora.jpg,vege-pakora.jpg,vege-pakora.jpg,11. Mix Veg. Pakora,11-mix-veg-pakora,Przystawki wegetariańskie,500,500,87866,0f01133f4c176c65e73bfa4105f15d2d,https://arkuszowa.curry-house.pl/wp-content/uploads/2022/06/vege-pakora.jpg,https://raw.githubusercontent.com/vkprajapati/restaurant-platform-images/Master/products/11-mix-veg-pakora.jpg,no
products/12-onion-bhajia.jpg,onion.jpg,onion.jpg,12. Onion Bhajia,12-onion-bhajia,Przystawki wegetariańskie,500,500,73028,56bebb9a4078da2e266049828413cee7,https://arkuszowa.curry-house.pl/wp-content/uploads/2022/06/onion.jpg,https://raw.githubusercontent.com/vkprajapati/restaurant-platform-images/Master/products/12-onion-bhajia.jpg,no
products/13-chat-patta-paneer.jpg,chat-patta.jpg,chat-patta.jpg,13. Chat Patta Paneer 🌶️,13-chat-patta-paneer,Przystawki wegetariańskie,500,500,68114,a8888cf12c6ced01b12b79cd6ba8a7a1,https://arkuszowa.curry-house.pl/wp-content/uploads/2022/06/chat-patta.jpg,https://raw.githubusercontent.com/vkprajapati/restaurant-platform-images/Master/products/13-chat-patta-paneer.jpg,no
products/14-paneer-tikka.jpg,paneer-tikka.jpg,paneer-tikka.jpg,14. Paneer Tikka,14-paneer-tikka,Przystawki wegetariańskie,500,500,83938,e65f999d109b0ad8ed25d1ef142ebf5b,https://arkuszowa.curry-house.pl/wp-content/uploads/2022/06/paneer-tikka.jpg,https://raw.githubusercontent.com/vkprajapati/restaurant-platform-images/Master/products/14-paneer-tikka.jpg,no
products/15-chickenmutton-samosa.jpg,samosa-1-1.jpg,samosa-1-1.jpg,15. Chicken/Mutton Samosa,15-chickenmutton-samosa,Przystawki mięsne,500,500,60391,412159cf8b3ce577a3f76cce3d56259d,https://arkuszowa.curry-house.pl/wp-content/uploads/2022/06/samosa-1-1.jpg,https://raw.githubusercontent.com/vkprajapati/restaurant-platform-images/Master/products/15-chickenmutton-samosa.jpg,no
products/16-chicken-tikka.jpg,chicken-tikka.jpg,chicken-tikka.jpg,16. Chicken Tikka,16-chicken-tikka,Przystawki mięsne,500,500,87202,0c87598652ee51997c6bf83416e84222,https://arkuszowa.curry-house.pl/wp-content/uploads/2022/06/chicken-tikka.jpg,https://raw.githubusercontent.com/vkprajapati/restaurant-platform-images/Master/products/16-chicken-tikka.jpg,no
products/17-chicken-hariyali-tikka.jpg,haryali-1.jpg,haryali-1.jpg,17. Chicken Hariyali Tikka,17-chicken-hariyali-tikka,Przystawki mięsne,500,500,90547,d56cf2e91d75d839451708e04c53f114,https://arkuszowa.curry-house.pl/wp-content/uploads/2022/06/haryali-1.jpg,https://raw.githubusercontent.com/vkprajapati/restaurant-platform-images/Master/products/17-chicken-hariyali-tikka.jpg,no
products/18-garlic-chicken-tikka.jpg,garlic-chicken.jpg,garlic-chicken.jpg,18. Garlic Chicken Tikka,18-garlic-chicken-tikka,Przystawki mięsne,500,500,95628,a943ff2e1e9b74cfa21109b4d3914aae,https://arkuszowa.curry-house.pl/wp-content/uploads/2022/06/garlic-chicken.jpg,https://raw.githubusercontent.com/vkprajapati/restaurant-platform-images/Master/products/18-garlic-chicken-tikka.jpg,no
products/19-murgh-malai-kebeb.jpg,garlic-chicken-1.jpg,garlic-chicken-1.jpg,19. Murgh Malai Kebeb,19-murgh-malai-kebeb,Przystawki mięsne,500,500,95628,a943ff2e1e9b74cfa21109b4d3914aae,https://arkuszowa.curry-house.pl/wp-content/uploads/2022/06/garlic-chicken-1.jpg,https://raw.githubusercontent.com/vkprajapati/restaurant-platform-images/Master/products/19-murgh-malai-kebeb.jpg,no
products/20-tandoori-chicken.jpg,chicken-tandoori.jpg,chicken-tandoori.jpg,20. Tandoori Chicken,20-tandoori-chicken,Przystawki mięsne,500,500,84111,f4d8d3b5a4ae62077431d557c6813013,https://arkuszowa.curry-house.pl/wp-content/uploads/2022/06/chicken-tandoori.jpg,https://raw.githubusercontent.com/vkprajapati/restaurant-platform-images/Master/products/20-tandoori-chicken.jpg,no
products/21-dal-tadka.jpg,dal-tadka-1.jpg,dal-tadka-1.jpg,21. Dal Tadka,21-dal-tadka,Dania wegetariańskie,500,500,70992,46026302985ffbe76078e33afc57c48e,https://arkuszowa.curry-house.pl/wp-content/uploads/2022/06/dal-tadka-1.jpg,https://raw.githubusercontent.com/vkprajapati/restaurant-platform-images/Master/products/21-dal-tadka.jpg,no
products/22-dal-makhni.jpg,dal-makhni-1.jpg,dal-makhni-1.jpg,22. Dal Makhni,22-dal-makhni,Dania wegetariańskie,500,500,74959,c3ad43606b7c01807070d3417221a8d3,https://arkuszowa.curry-house.pl/wp-content/uploads/2022/06/dal-makhni-1.jpg,https://raw.githubusercontent.com/vkprajapati/restaurant-platform-images/Master/products/22-dal-makhni.jpg,no
products/23-veg-shahi-korma.jpg,korma-1.jpg,korma-1.jpg,23. Veg shahi Korma 🍯,23-veg-shahi-korma,Dania wegetariańskie,500,500,69629,e3d5a38aa39d8546a5902668e41d0470,https://arkuszowa.curry-house.pl/wp-content/uploads/2022/06/korma-1.jpg,https://raw.githubusercontent.com/vkprajapati/restaurant-platform-images/Master/products/23-veg-shahi-korma.jpg,no
products/24-mixed-vegetable-curry.jpg,mix-veg-curry.jpg,mix-veg-curry.jpg,24. Mixed Vegetable Curry,24-mixed-vegetable-curry,Dania wegetariańskie,500,500,97901,957f408bc2f0709d3ea749db89180d45,https://arkuszowa.curry-house.pl/wp-content/uploads/2022/06/mix-veg-curry.jpg,https://raw.githubusercontent.com/vkprajapati/restaurant-platform-images/Master/products/24-mixed-vegetable-curry.jpg,no
products/25-chana-masala.jpg,chana-masala-1.jpg,chana-masala-1.jpg,25. Chana Masala,25-chana-masala,Dania wegetariańskie,500,500,74648,61f9ac96473e015363e5f6932f8f7c93,https://arkuszowa.curry-house.pl/wp-content/uploads/2022/06/chana-masala-1.jpg,https://raw.githubusercontent.com/vkprajapati/restaurant-platform-images/Master/products/25-chana-masala.jpg,no
products/26-aloo-masala.jpg,aloo-masala-1.jpg,aloo-masala-1.jpg,26. Aloo masala,26-aloo-masala,Dania wegetariańskie,500,500,70091,9fa3cbe6883c24ac444a32b84f95188c,https://arkuszowa.curry-house.pl/wp-content/uploads/2022/06/aloo-masala-1.jpg,https://raw.githubusercontent.com/vkprajapati/restaurant-platform-images/Master/products/26-aloo-masala.jpg,no
products/27-aloo-ghobi-bhaji.jpg,ghobi.jpg,ghobi.jpg,27. Aloo Ghobi Bhaji,27-aloo-ghobi-bhaji,Dania wegetariańskie,500,500,103699,1a9d5f57c5072f1acf1411fd8d948a02,https://arkuszowa.curry-house.pl/wp-content/uploads/2022/06/ghobi.jpg,https://raw.githubusercontent.com/vkprajapati/restaurant-platform-images/Master/products/27-aloo-ghobi-bhaji.jpg,no
products/28-aloo-bhindi-bhaji.jpg,aloo-bhindi.jpg,aloo-bhindi.jpg,28. Aloo Bhindi Bhaji,28-aloo-bhindi-bhaji,Dania wegetariańskie,500,500,91100,70117ce84c827a0d516e69e95d8ccc89,https://arkuszowa.curry-house.pl/wp-content/uploads/2022/06/aloo-bhindi.jpg,https://raw.githubusercontent.com/vkprajapati/restaurant-platform-images/Master/products/28-aloo-bhindi-bhaji.jpg,no
products/29-dahiwala-baingan.jpg,dachiwala.jpg,dachiwala.jpg,29. Dahiwala Baingan,29-dahiwala-baingan,Dania wegetariańskie,500,500,86996,a397450c99aad19298956f55fd2acb29,https://arkuszowa.curry-house.pl/wp-content/uploads/2022/06/dachiwala.jpg,https://raw.githubusercontent.com/vkprajapati/restaurant-platform-images/Master/products/29-dahiwala-baingan.jpg,no
products/30-paneer-tikka-masala.jpg,chicken-tikka-masala.jpg,chicken-tikka-masala.jpg,30. Paneer Tikka Masala 🌶️,30-paneer-tikka-masala,Dania wegetariańskie,500,500,69156,dd9f881112cb085712e772bd811d2152,https://arkuszowa.curry-house.pl/wp-content/uploads/2022/06/chicken-tikka-masala.jpg,https://raw.githubusercontent.com/vkprajapati/restaurant-platform-images/Master/products/30-paneer-tikka-masala.jpg,no
products/31-palak-paneer.jpg,palak-paneer-1-1.jpg,palak-paneer-1-1.jpg,31. Palak Paneer,31-palak-paneer,Dania wegetariańskie,500,500,71544,6f18d4271b97764e8dcba451727eccfd,https://arkuszowa.curry-house.pl/wp-content/uploads/2022/06/palak-paneer-1-1.jpg,https://raw.githubusercontent.com/vkprajapati/restaurant-platform-images/Master/products/31-palak-paneer.jpg,no
products/32-paneer-makhni.jpg,paneer-makhni-1.jpg,paneer-makhni-1.jpg,32. Paneer Makhni,32-paneer-makhni,Dania wegetariańskie,500,500,71257,032157d64c606097a10957183bb1e976,https://arkuszowa.curry-house.pl/wp-content/uploads/2022/06/paneer-makhni-1.jpg,https://raw.githubusercontent.com/vkprajapati/restaurant-platform-images/Master/products/32-paneer-makhni.jpg,no
products/33-garlic-paneer.jpg,garlic-paneer.jpg,garlic-paneer.jpg,33. Garlic Paneer,33-garlic-paneer,Dania wegetariańskie,500,500,59858,8ff1740927ca671e439967062eaf2b0a,https://arkuszowa.curry-house.pl/wp-content/uploads/2022/06/garlic-paneer.jpg,https://raw.githubusercontent.com/vkprajapati/restaurant-platform-images/Master/products/33-garlic-paneer.jpg,no
products/34-methi-paneer.jpg,methi-chicken.jpg,methi-chicken.jpg,34. Methi Paneer,34-methi-paneer,Dania wegetariańskie,500,500,81963,d2e7cc257a726c135f43f618e6203523,https://arkuszowa.curry-house.pl/wp-content/uploads/2022/06/methi-chicken.jpg,https://raw.githubusercontent.com/vkprajapati/restaurant-platform-images/Master/products/34-methi-paneer.jpg,no
products/35-chicken-curry.jpg,chicken-curry-1.jpg,chicken-curry-1.jpg,35. Chicken Curry,35-chicken-curry,Dania mięsne,500,500,100225,dd9307394e509e8221119cc4969aa6c8,https://arkuszowa.curry-house.pl/wp-content/uploads/2022/06/chicken-curry-1.jpg,https://raw.githubusercontent.com/vkprajapati/restaurant-platform-images/Master/products/35-chicken-curry.jpg,no
products/36-butter-chicken.jpg,butter-chicken-1.jpg,butter-chicken-1.jpg,36. Butter Chicken 🍯,36-butter-chicken,Dania mięsne,500,500,86971,7f79acb84abb7eb1e3b914edefd97631,https://arkuszowa.curry-house.pl/wp-content/uploads/2022/06/butter-chicken-1.jpg,https://raw.githubusercontent.com/vkprajapati/restaurant-platform-images/Master/products/36-butter-chicken.jpg,no
products/37-chicken-tikka-masala.jpg,chicken-tikka-masala-1.jpg,chicken-tikka-masala-1.jpg,37. Chicken Tikka Masala 🌶️,37-chicken-tikka-masala,Dania mięsne,500,500,69156,dd9f881112cb085712e772bd811d2152,https://arkuszowa.curry-house.pl/wp-content/uploads/2022/06/chicken-tikka-masala-1.jpg,https://raw.githubusercontent.com/vkprajapati/restaurant-platform-images/Master/products/37-chicken-tikka-masala.jpg,no
products/38-methi-chicken.jpg,methi-chicken-1.jpg,methi-chicken-1.jpg,38. Methi Chicken,38-methi-chicken,Dania mięsne,500,500,81963,d2e7cc257a726c135f43f618e6203523,https://arkuszowa.curry-house.pl/wp-content/uploads/2022/06/methi-chicken-1.jpg,https://raw.githubusercontent.com/vkprajapati/restaurant-platform-images/Master/products/38-methi-chicken.jpg,no
products/39-chicken-korma.jpg,korma-1-1.jpg,korma-1-1.jpg,39. Chicken Korma 🍯,39-chicken-korma,Dania mięsne,500,500,69629,e3d5a38aa39d8546a5902668e41d0470,https://arkuszowa.curry-house.pl/wp-content/uploads/2022/06/korma-1-1.jpg,https://raw.githubusercontent.com/vkprajapati/restaurant-platform-images/Master/products/39-chicken-korma.jpg,no
products/40-chicken-palak.jpg,palak-paneer-1-1-1.jpg,palak-paneer-1-1-1.jpg,40. Chicken Palak,40-chicken-palak,Dania mięsne,500,500,71544,6f18d4271b97764e8dcba451727eccfd,https://arkuszowa.curry-house.pl/wp-content/uploads/2022/06/palak-paneer-1-1-1.jpg,https://raw.githubusercontent.com/vkprajapati/restaurant-platform-images/Master/products/40-chicken-palak.jpg,no
products/41-chicken-jalfreiji.jpg,jalfreji.jpg,jalfreji.jpg,41. Chicken Jalfreiji 🌶️,41-chicken-jalfreiji,Dania mięsne,500,500,88897,2cba4c5ff7b87ee0e92ca7c16e8f52bd,https://arkuszowa.curry-house.pl/wp-content/uploads/2022/06/jalfreji.jpg,https://raw.githubusercontent.com/vkprajapati/restaurant-platform-images/Master/products/41-chicken-jalfreiji.jpg,no
products/42-ginger-chicken.jpg,ginger-chicken.jpg,ginger-chicken.jpg,42. Ginger Chicken 🌶️,42-ginger-chicken,Dania mięsne,500,500,73471,99968926864a2c6220aa5f058b3f76fa,https://arkuszowa.curry-house.pl/wp-content/uploads/2022/06/ginger-chicken.jpg,https://raw.githubusercontent.com/vkprajapati/restaurant-platform-images/Master/products/42-ginger-chicken.jpg,no
products/43-chicken-madras.jpg,mutton-madras.jpg,mutton-madras.jpg,43. Chicken Madras 🌶️🌶️🌶️,43-chicken-madras,Dania mięsne,500,500,73671,971ad1cb35a0bd3f0e579730107c9968,https://arkuszowa.curry-house.pl/wp-content/uploads/2022/06/mutton-madras.jpg,https://raw.githubusercontent.com/vkprajapati/restaurant-platform-images/Master/products/43-chicken-madras.jpg,no
products/44-chicken-vindaloo.jpg,vindaloo-1.jpg,vindaloo-1.jpg,44. Chicken Vindaloo 🌶️🌶️🌶️🌶️,44-chicken-vindaloo,Dania mięsne,500,500,82535,5a850de034eb5621e2dc58aefa5c064a,https://arkuszowa.curry-house.pl/wp-content/uploads/2022/06/vindaloo-1.jpg,https://raw.githubusercontent.com/vkprajapati/restaurant-platform-images/Master/products/44-chicken-vindaloo.jpg,no
products/45-mutton-curry.jpg,mutton-curry.jpg,mutton-curry.jpg,45. Mutton Curry,45-mutton-curry,Dania mięsne,500,500,87879,99c329339d0487c555d909b29eccf766,https://arkuszowa.curry-house.pl/wp-content/uploads/2022/06/mutton-curry.jpg,https://raw.githubusercontent.com/vkprajapati/restaurant-platform-images/Master/products/45-mutton-curry.jpg,no
products/46-mutton-korma.jpg,korma.jpg,korma.jpg,46. Mutton Korma 🍯,46-mutton-korma,Dania mięsne,500,500,69629,e3d5a38aa39d8546a5902668e41d0470,https://arkuszowa.curry-house.pl/wp-content/uploads/2022/06/korma.jpg,https://raw.githubusercontent.com/vkprajapati/restaurant-platform-images/Master/products/46-mutton-korma.jpg,no
products/47-mutton-palak.jpg,palak-paneer-1-1-2.jpg,palak-paneer-1-1-2.jpg,47. Mutton Palak,47-mutton-palak,Dania mięsne,500,500,71544,6f18d4271b97764e8dcba451727eccfd,https://arkuszowa.curry-house.pl/wp-content/uploads/2022/06/palak-paneer-1-1-2.jpg,https://raw.githubusercontent.com/vkprajapati/restaurant-platform-images/Master/products/47-mutton-palak.jpg,no
products/48-mutton-rogan-josh.jpg,rogan-josh.jpg,rogan-josh.jpg,48. Mutton Rogan Josh 🌶️,48-mutton-rogan-josh,Dania mięsne,500,500,79055,8aefb0febfbaa2fda8c7affbcc5868a0,https://arkuszowa.curry-house.pl/wp-content/uploads/2022/06/rogan-josh.jpg,https://raw.githubusercontent.com/vkprajapati/restaurant-platform-images/Master/products/48-mutton-rogan-josh.jpg,no
products/49-mutton-madras.jpg,mutton-madras-1.jpg,mutton-madras-1.jpg,49. Mutton Madras 🌶️🌶️🌶️,49-mutton-madras,Dania mięsne,500,500,73671,971ad1cb35a0bd3f0e579730107c9968,https://arkuszowa.curry-house.pl/wp-content/uploads/2022/06/mutton-madras-1.jpg,https://raw.githubusercontent.com/vkprajapati/restaurant-platform-images/Master/products/49-mutton-madras.jpg,no
products/50-kadai-mutton.jpg,kadai-2.jpg,kadai-2.jpg,50. Kadai Mutton 🌶️🌶️,50-kadai-mutton,Dania mięsne,500,500,102230,857412927f57bf26b94068920637e678,https://arkuszowa.curry-house.pl/wp-content/uploads/2022/06/kadai-2.jpg,https://raw.githubusercontent.com/vkprajapati/restaurant-platform-images/Master/products/50-kadai-mutton.jpg,no
products/51-dal-gosht.jpg,dal-ghosh.jpg,dal-ghosh.jpg,51. Dal Gosht 🌶️🌶️,51-dal-gosht,Dania mięsne,500,500,88231,6bf1f4ba5064d5c2f92e372b0cebdf68,https://arkuszowa.curry-house.pl/wp-content/uploads/2022/06/dal-ghosh.jpg,https://raw.githubusercontent.com/vkprajapati/restaurant-platform-images/Master/products/51-dal-gosht.jpg,no
products/52-bhuna-gosht.jpg,bhuna-gosh.jpg,bhuna-gosh.jpg,52. Bhuna Gosht 🌶️🌶️,52-bhuna-gosht,Dania mięsne,500,500,69759,8dc43d14539cca90478dfcf8206ce4e9,https://arkuszowa.curry-house.pl/wp-content/uploads/2022/06/bhuna-gosh.jpg,https://raw.githubusercontent.com/vkprajapati/restaurant-platform-images/Master/products/52-bhuna-gosht.jpg,no
products/53-chicken-do-piyaza.jpg,pyaza.jpg,pyaza.jpg,53. Chicken Do Piyaza,53-chicken-do-piyaza,Dania mięsne,500,500,92794,ead43fd247e784c29cd81cf08600c54a,https://arkuszowa.curry-house.pl/wp-content/uploads/2022/06/pyaza.jpg,https://raw.githubusercontent.com/vkprajapati/restaurant-platform-images/Master/products/53-chicken-do-piyaza.jpg,no
products/54-chicken-hydaerabadi.jpg,Hydaerabadi.jpg,Hydaerabadi.jpg,54. Chicken Hydaerabadi 🌶️🌶️,54-chicken-hydaerabadi,Dania mięsne,500,500,108390,e10c5c94b7d10eb7b89e782bda169e30,https://arkuszowa.curry-house.pl/wp-content/uploads/2022/06/Hydaerabadi.jpg,https://raw.githubusercontent.com/vkprajapati/restaurant-platform-images/Master/products/54-chicken-hydaerabadi.jpg,no
products/55-murgh-pasanda.jpg,passanda.jpg,passanda.jpg,55. Murgh Pasanda,55-murgh-pasanda,Dania mięsne,500,500,101132,acfce2806705d86a16f646fc443c1321,https://arkuszowa.curry-house.pl/wp-content/uploads/2022/06/passanda.jpg,https://raw.githubusercontent.com/vkprajapati/restaurant-platform-images/Master/products/55-murgh-pasanda.jpg,no
products/56-balti-chicken-mutton.jpg,balti-1.jpg,balti-1.jpg,56. Balti Chicken / Mutton 🌶️🌶️,56-balti-chicken-mutton,Dania mięsne,500,500,82574,26ec278445e14501f1d4b3625a5749b3,https://arkuszowa.curry-house.pl/wp-content/uploads/2022/06/balti-1.jpg,https://raw.githubusercontent.com/vkprajapati/restaurant-platform-images/Master/products/56-balti-chicken-mutton.jpg,no
products/57-mutton-keema-mattar.jpg,mutton-keema-matar.jpg,mutton-keema-matar.jpg,57. Mutton Keema Mattar 🌶️🌶️,57-mutton-keema-mattar,Dania mięsne,500,500,87838,07ae71cf5f32013d1eaae8dc96d00722,https://arkuszowa.curry-house.pl/wp-content/uploads/2022/06/mutton-keema-matar.jpg,https://raw.githubusercontent.com/vkprajapati/restaurant-platform-images/Master/products/57-mutton-keema-mattar.jpg,no
products/58-ginger-mutton.jpg,ginger-mutton.jpg,ginger-mutton.jpg,58. Ginger Mutton 🌶️,58-ginger-mutton,Dania mięsne,500,500,81905,fe1eb9da600a0db1ef9c32986ffe0850,https://arkuszowa.curry-house.pl/wp-content/uploads/2022/06/ginger-mutton.jpg,https://raw.githubusercontent.com/vkprajapati/restaurant-platform-images/Master/products/58-ginger-mutton.jpg,no
products/59-mutton-lal-massala.jpg,lal-masala.jpg,lal-masala.jpg,59. Mutton Lal Massala 🌶️🌶️,59-mutton-lal-massala,Dania mięsne,500,500,76638,46cf03372fc4c808a6315a8752415e57,https://arkuszowa.curry-house.pl/wp-content/uploads/2022/06/lal-masala.jpg,https://raw.githubusercontent.com/vkprajapati/restaurant-platform-images/Master/products/59-mutton-lal-massala.jpg,no
products/60-vegetable-sizzler.jpg,veg-sizzler.jpg,veg-sizzler.jpg,60. Vegetable Sizzler 🌶️,60-vegetable-sizzler,Indian Sizzler,500,500,88188,b9c471bedafca0edc1ca70098dc5071d,https://arkuszowa.curry-house.pl/wp-content/uploads/2022/06/veg-sizzler.jpg,https://raw.githubusercontent.com/vkprajapati/restaurant-platform-images/Master/products/60-vegetable-sizzler.jpg,no
products/61-chicken-sizzler.jpg,chicken-sizzler.jpg,chicken-sizzler.jpg,61. Chicken Sizzler 🌶️,61-chicken-sizzler,Indian Sizzler,500,500,87535,e41af77eb45f05ddde1b79f1cc8019cb,https://arkuszowa.curry-house.pl/wp-content/uploads/2022/06/chicken-sizzler.jpg,https://raw.githubusercontent.com/vkprajapati/restaurant-platform-images/Master/products/61-chicken-sizzler.jpg,no
products/62-mutton-sizzler.jpg,mutton-sizzler.jpg,mutton-sizzler.jpg,62. Mutton Sizzler 🌶️,62-mutton-sizzler,Indian Sizzler,500,500,87101,d22229c0594c60dd3fefc51c5e6dbb98,https://arkuszowa.curry-house.pl/wp-content/uploads/2022/06/mutton-sizzler.jpg,https://raw.githubusercontent.com/vkprajapati/restaurant-platform-images/Master/products/62-mutton-sizzler.jpg,no
products/63-fish-curry.jpg,fish-curry.jpg,fish-curry.jpg,63. Fish Curry,63-fish-curry,Ryby i owoce morza,500,500,107273,a27a2f6968ab19bb9298e8cf2af0e5fe,https://arkuszowa.curry-house.pl/wp-content/uploads/2022/06/fish-curry.jpg,https://raw.githubusercontent.com/vkprajapati/restaurant-platform-images/Master/products/63-fish-curry.jpg,no
products/64-fish-khada-masala.jpg,fish-khada.jpg,fish-khada.jpg,64. Fish Khada Masala 🌶️🌶️,64-fish-khada-masala,Ryby i owoce morza,500,500,103787,2477f08196bbcc6728f1c54c0f8a1aee,https://arkuszowa.curry-house.pl/wp-content/uploads/2022/06/fish-khada.jpg,https://raw.githubusercontent.com/vkprajapati/restaurant-platform-images/Master/products/64-fish-khada-masala.jpg,no
products/65-lasooni-macchi.jpg,lasooni.jpg,lasooni.jpg,65. Lasooni Macchi 🌶️🌶️,65-lasooni-macchi,Ryby i owoce morza,500,500,95016,09a0f89ff6992cf29fa8a81d0ca7e2ab,https://arkuszowa.curry-house.pl/wp-content/uploads/2022/06/lasooni.jpg,https://raw.githubusercontent.com/vkprajapati/restaurant-platform-images/Master/products/65-lasooni-macchi.jpg,no
products/66-prawn-curry.jpg,prawn-curry.jpg,prawn-curry.jpg,66. Prawn Curry,66-prawn-curry,Ryby i owoce morza,500,500,107640,16ad95c1ca77ece75c4ca5d2bb5ef0e2,https://arkuszowa.curry-house.pl/wp-content/uploads/2022/06/prawn-curry.jpg,https://raw.githubusercontent.com/vkprajapati/restaurant-platform-images/Master/products/66-prawn-curry.jpg,no
products/67-prawn-chili-garlic-masala.jpg,prawn-chilli.jpg,prawn-chilli.jpg,67. Prawn Chili Garlic Masala 🌶️🌶️🌶️,67-prawn-chili-garlic-masala,Ryby i owoce morza,500,500,90201,61392b4b2f865e0fc1e65fa92e444f61,https://arkuszowa.curry-house.pl/wp-content/uploads/2022/06/prawn-chilli.jpg,https://raw.githubusercontent.com/vkprajapati/restaurant-platform-images/Master/products/67-prawn-chili-garlic-masala.jpg,no
products/68-prawn-jalfreji.jpg,prawn-jalfreji.jpg,prawn-jalfreji.jpg,68. Prawn Jalfreji 🌶️,68-prawn-jalfreji,Ryby i owoce morza,500,500,74119,f4971fce10a0efb3ca3aaaa4a5f3a3f0,https://arkuszowa.curry-house.pl/wp-content/uploads/2022/06/prawn-jalfreji.jpg,https://raw.githubusercontent.com/vkprajapati/restaurant-platform-images/Master/products/68-prawn-jalfreji.jpg,no
products/69-plain-rice.jpg,jerra.jpg,jerra.jpg,69. Plain Rice,69-plain-rice,Ryż i dania z ryżu,500,500,67506,4955954d6257c5a744ba20031153ef4e,https://arkuszowa.curry-house.pl/wp-content/uploads/2022/06/jerra.jpg,https://raw.githubusercontent.com/vkprajapati/restaurant-platform-images/Master/products/69-plain-rice.jpg,no
products/70-jerra-rice.jpg,jerra-1.jpg,jerra-1.jpg,70. Jerra Rice,70-jerra-rice,Ryż i dania z ryżu,500,500,67506,4955954d6257c5a744ba20031153ef4e,https://arkuszowa.curry-house.pl/wp-content/uploads/2022/06/jerra-1.jpg,https://raw.githubusercontent.com/vkprajapati/restaurant-platform-images/Master/products/70-jerra-rice.jpg,no
products/71-safron-rice.jpg,saffron.jpg,saffron.jpg,71. Safron Rice,71-safron-rice,Ryż i dania z ryżu,500,500,70440,186afb821fc20a74cf54e99f4690b1d1,https://arkuszowa.curry-house.pl/wp-content/uploads/2022/06/saffron.jpg,https://raw.githubusercontent.com/vkprajapati/restaurant-platform-images/Master/products/71-safron-rice.jpg,no
products/72-lemon-rice.jpg,lemon-rice.jpg,lemon-rice.jpg,72. Lemon Rice,72-lemon-rice,Ryż i dania z ryżu,500,500,86951,a4a724015110bfd38b575f236e9f4691,https://arkuszowa.curry-house.pl/wp-content/uploads/2022/06/lemon-rice.jpg,https://raw.githubusercontent.com/vkprajapati/restaurant-platform-images/Master/products/72-lemon-rice.jpg,no
products/73-methi-pulao.jpg,methi-pulao.jpg,methi-pulao.jpg,73. Methi Pulao,73-methi-pulao,Ryż i dania z ryżu,500,500,115403,9ebef2f864b8d7f97534d0325bbb2b91,https://arkuszowa.curry-house.pl/wp-content/uploads/2022/06/methi-pulao.jpg,https://raw.githubusercontent.com/vkprajapati/restaurant-platform-images/Master/products/73-methi-pulao.jpg,no
products/74-matar-pulao.jpg,matar-pulao.jpg,matar-pulao.jpg,74. Matar Pulao,74-matar-pulao,Ryż i dania z ryżu,500,500,78246,e504c1674a6a619f425bfb450cbcbf49,https://arkuszowa.curry-house.pl/wp-content/uploads/2022/06/matar-pulao.jpg,https://raw.githubusercontent.com/vkprajapati/restaurant-platform-images/Master/products/74-matar-pulao.jpg,no
products/75-kashmiri-pulao.jpg,pulao.jpg,pulao.jpg,75. Kashmiri Pulao 🍯,75-kashmiri-pulao,Ryż i dania z ryżu,500,500,87167,ea5beee236f29d707ec43d3fb8f92014,https://arkuszowa.curry-house.pl/wp-content/uploads/2022/06/pulao.jpg,https://raw.githubusercontent.com/vkprajapati/restaurant-platform-images/Master/products/75-kashmiri-pulao.jpg,no
products/76-vegetable-biryani.jpg,biryani.jpg,biryani.jpg,76. Vegetable Biryani 🌶️,76-vegetable-biryani,Ryż i dania z ryżu,500,500,111485,a61b39b9202500aacfb7f67b6ea3cfa1,https://arkuszowa.curry-house.pl/wp-content/uploads/2022/06/biryani.jpg,https://raw.githubusercontent.com/vkprajapati/restaurant-platform-images/Master/products/76-vegetable-biryani.jpg,no
products/77-chicken-biryani.jpg,biryani-1.jpg,biryani-1.jpg,77. Chicken Biryani 🌶️,77-chicken-biryani,Ryż i dania z ryżu,500,500,111485,a61b39b9202500aacfb7f67b6ea3cfa1,https://arkuszowa.curry-house.pl/wp-content/uploads/2022/06/biryani-1.jpg,https://raw.githubusercontent.com/vkprajapati/restaurant-platform-images/Master/products/77-chicken-biryani.jpg,no
products/78-mutton-biryani.jpg,biryani-2.jpg,biryani-2.jpg,78. Mutton Biryani 🌶️,78-mutton-biryani,Ryż i dania z ryżu,500,500,111485,a61b39b9202500aacfb7f67b6ea3cfa1,https://arkuszowa.curry-house.pl/wp-content/uploads/2022/06/biryani-2.jpg,https://raw.githubusercontent.com/vkprajapati/restaurant-platform-images/Master/products/78-mutton-biryani.jpg,no
products/79-tandoori-roti.jpg,rotti.jpg,rotti.jpg,79. Tandoori Roti,79-tandoori-roti,Placki z pieca Tandoor,500,500,90520,811067ca2d858c44f6483e6600a2e958,https://arkuszowa.curry-house.pl/wp-content/uploads/2022/06/rotti.jpg,https://raw.githubusercontent.com/vkprajapati/restaurant-platform-images/Master/products/79-tandoori-roti.jpg,no
products/80-methi-roti.jpg,methiroti.jpg,methiroti.jpg,80. Methi Roti,80-methi-roti,Placki z pieca Tandoor,500,500,120457,529bcc5489dc6aae90d9e2fab28cbe9a,https://arkuszowa.curry-house.pl/wp-content/uploads/2022/06/methiroti.jpg,https://raw.githubusercontent.com/vkprajapati/restaurant-platform-images/Master/products/80-methi-roti.jpg,no
products/81-plain-naan.jpg,naan-1.jpg,naan-1.jpg,81. Plain Naan,81-plain-naan,Placki z pieca Tandoor,500,500,85463,0c10bf46bd77af7a215ef7ec993fd36a,https://arkuszowa.curry-house.pl/wp-content/uploads/2022/06/naan-1.jpg,https://raw.githubusercontent.com/vkprajapati/restaurant-platform-images/Master/products/81-plain-naan.jpg,no
products/82-butter-naan.jpg,naan-1-1.jpg,naan-1-1.jpg,82. Butter Naan,82-butter-naan,Placki z pieca Tandoor,500,500,85463,0c10bf46bd77af7a215ef7ec993fd36a,https://arkuszowa.curry-house.pl/wp-content/uploads/2022/06/naan-1-1.jpg,https://raw.githubusercontent.com/vkprajapati/restaurant-platform-images/Master/products/82-butter-naan.jpg,no
products/83-garlic-naan.jpg,naan-1-2.jpg,naan-1-2.jpg,83. Garlic Naan,83-garlic-naan,Placki z pieca Tandoor,500,500,85463,0c10bf46bd77af7a215ef7ec993fd36a,https://arkuszowa.curry-house.pl/wp-content/uploads/2022/06/naan-1-2.jpg,https://raw.githubusercontent.com/vkprajapati/restaurant-platform-images/Master/products/83-garlic-naan.jpg,no
products/84-moti-naan.jpg,moti-naan.jpg,moti-naan.jpg,84. Moti Naan,84-moti-naan,Placki z pieca Tandoor,500,500,91274,7eae83812db59bc1ab9594283096b29e,https://arkuszowa.curry-house.pl/wp-content/uploads/2022/06/moti-naan.jpg,https://raw.githubusercontent.com/vkprajapati/restaurant-platform-images/Master/products/84-moti-naan.jpg,no
products/85-lachha-paratha.jpg,laacha.jpg,laacha.jpg,85. Lachha Paratha,85-lachha-paratha,Placki z pieca Tandoor,500,500,81921,308f20e1dbc7add191d5dd71f54c844e,https://arkuszowa.curry-house.pl/wp-content/uploads/2022/06/laacha.jpg,https://raw.githubusercontent.com/vkprajapati/restaurant-platform-images/Master/products/85-lachha-paratha.jpg,no
products/86-aloo-paratha.jpg,aloo-paratha.jpg,aloo-paratha.jpg,86. Aloo Paratha,86-aloo-paratha,Placki z pieca Tandoor,500,500,94606,eb7fa165e91c4948f589e00dedbc7fa5,https://arkuszowa.curry-house.pl/wp-content/uploads/2022/06/aloo-paratha.jpg,https://raw.githubusercontent.com/vkprajapati/restaurant-platform-images/Master/products/86-aloo-paratha.jpg,no
products/87-paneer-naan.jpg,paneer-naan.jpg,paneer-naan.jpg,87. Paneer Naan 🍯,87-paneer-naan,Placki z pieca Tandoor,500,500,87530,d0cb5e8a38f79fb9d7e1ead6f31f1f34,https://arkuszowa.curry-house.pl/wp-content/uploads/2022/06/paneer-naan.jpg,https://raw.githubusercontent.com/vkprajapati/restaurant-platform-images/Master/products/87-paneer-naan.jpg,no
products/88-keema-naan.jpg,paneer-naan-1.jpg,paneer-naan-1.jpg,88. Keema Naan 🌶️,88-keema-naan,Placki z pieca Tandoor,500,500,87530,d0cb5e8a38f79fb9d7e1ead6f31f1f34,https://arkuszowa.curry-house.pl/wp-content/uploads/2022/06/paneer-naan-1.jpg,https://raw.githubusercontent.com/vkprajapati/restaurant-platform-images/Master/products/88-keema-naan.jpg,no
products/89-chicken-keema-naan.jpg,paneer-naan-2.jpg,paneer-naan-2.jpg,89. Chicken Keema Naan,89-chicken-keema-naan,Placki z pieca Tandoor,500,500,87530,d0cb5e8a38f79fb9d7e1ead6f31f1f34,https://arkuszowa.curry-house.pl/wp-content/uploads/2022/06/paneer-naan-2.jpg,https://raw.githubusercontent.com/vkprajapati/restaurant-platform-images/Master/products/89-chicken-keema-naan.jpg,no
products/90-kashmiri-naan.jpg,paneer-naan-3.jpg,paneer-naan-3.jpg,90. Kashmiri Naan 🍯,90-kashmiri-naan,Placki z pieca Tandoor,500,500,87530,d0cb5e8a38f79fb9d7e1ead6f31f1f34,https://arkuszowa.curry-house.pl/wp-content/uploads/2022/06/paneer-naan-3.jpg,https://raw.githubusercontent.com/vkprajapati/restaurant-platform-images/Master/products/90-kashmiri-naan.jpg,no
products/91-roasted-papad.jpg,pappadam.jpg,pappadam.jpg,91. Roasted Papad,91-roasted-papad,Dodatki,500,500,81766,b2967d18d1d9f709b1da7c6b417f0d4c,https://arkuszowa.curry-house.pl/wp-content/uploads/2022/06/pappadam.jpg,https://raw.githubusercontent.com/vkprajapati/restaurant-platform-images/Master/products/91-roasted-papad.jpg,no
products/92-plain-curd.jpg,raita-1.jpg,raita-1.jpg,92. Plain Curd,92-plain-curd,Dodatki,500,500,50291,64ee85864ef071d2854344c86da9e159,https://arkuszowa.curry-house.pl/wp-content/uploads/2022/06/raita-1.jpg,https://raw.githubusercontent.com/vkprajapati/restaurant-platform-images/Master/products/92-plain-curd.jpg,no
products/93-raita.jpg,raita-1-1.jpg,raita-1-1.jpg,93. Raita,93-raita,Dodatki,500,500,50291,64ee85864ef071d2854344c86da9e159,https://arkuszowa.curry-house.pl/wp-content/uploads/2022/06/raita-1-1.jpg,https://raw.githubusercontent.com/vkprajapati/restaurant-platform-images/Master/products/93-raita.jpg,no
products/94-gulab-jamun.jpg,gulab.jpg,gulab.jpg,94. Gulab Jamun,94-gulab-jamun,Desery,500,500,54802,f8fc741ea29181895ed7badd1490ead1,https://arkuszowa.curry-house.pl/wp-content/uploads/2022/06/gulab.jpg,https://raw.githubusercontent.com/vkprajapati/restaurant-platform-images/Master/products/94-gulab-jamun.jpg,no
products/96-ginger-lemon-drink.jpg,ginger-lemon.jpg,ginger-lemon.jpg,96. Ginger Lemon Drink,96-ginger-lemon-drink,Indyjskie Napoje,500,500,49161,c04a2ebc4aa0954c7f8f7040e0a7a371,https://arkuszowa.curry-house.pl/wp-content/uploads/2022/06/ginger-lemon.jpg,https://raw.githubusercontent.com/vkprajapati/restaurant-platform-images/Master/products/96-ginger-lemon-drink.jpg,no
products/97-mango-juice.jpg,mango-juice.jpg,mango-juice.jpg,97. Mango Juice,97-mango-juice,Indyjskie Napoje,500,500,45983,5e67b53591733ee28dfa4b305f9d0e95,https://arkuszowa.curry-house.pl/wp-content/uploads/2022/06/mango-juice.jpg,https://raw.githubusercontent.com/vkprajapati/restaurant-platform-images/Master/products/97-mango-juice.jpg,no
products/98-lychee-juice.jpg,lychee-1.jpg,lychee-1.jpg,98. Lychee Juice,98-lychee-juice,Indyjskie Napoje,500,500,55822,aae62f445dd714f6761723c205cf663f,https://arkuszowa.curry-house.pl/wp-content/uploads/2022/06/lychee-1.jpg,https://raw.githubusercontent.com/vkprajapati/restaurant-platform-images/Master/products/98-lychee-juice.jpg,no
products/99-guava-juice.jpg,guava-1.jpg,guava-1.jpg,99. Guava Juice,99-guava-juice,Indyjskie Napoje,500,500,45633,ead72e21916219a68f884568fc604185,https://arkuszowa.curry-house.pl/wp-content/uploads/2022/06/guava-1.jpg,https://raw.githubusercontent.com/vkprajapati/restaurant-platform-images/Master/products/99-guava-juice.jpg,no
products/mini-lunch.jpg,lunch-vege.jpg,lunch-vege-120x120.jpg,Mini lunch,mini-lunch,Zestawy lunchowe,3240,3240,705886,1fa0242afb64f027e957fff6c656fdf1,https://arkuszowa.curry-house.pl/wp-content/uploads/2024/04//lunch-vege.jpg,https://raw.githubusercontent.com/vkprajapati/restaurant-platform-images/Master/products/mini-lunch.jpg,yes
products/zestaw-dla-2-osob.jpg,zestaw_1_new_2024.jpg,zestaw_1_new_2024.jpg,Zestaw dla 2 osób,zestaw-dla-2-osob,Zestawy,1500,1500,240970,6c3e51e9faabdd77750f60acd68e3b66,https://arkuszowa.curry-house.pl/wp-content/uploads/2020/11/zestaw_1_new_2024.jpg,https://raw.githubusercontent.com/vkprajapati/restaurant-platform-images/Master/products/zestaw-dla-2-osob.jpg,no
products/zestaw-dla-4-osob.jpg,zestaw_2_new_2024.jpg,zestaw_2_new_2024.jpg,Zestaw dla 4 osób,zestaw-dla-4-osob,Zestawy,1500,1500,326910,88c369346e0544d619c845b16a86194c,https://arkuszowa.curry-house.pl/wp-content/uploads/2020/11/zestaw_2_new_2024.jpg,https://raw.githubusercontent.com/vkprajapati/restaurant-platform-images/Master/products/zestaw-dla-4-osob.jpg,no
products/zestaw-dla-5-osob.jpg,zestaw_3_new_2024.jpg,zestaw_3_new_2024.jpg,Zestaw dla 5 osób,zestaw-dla-5-osob,Zestawy,1500,1500,355505,30af8cd76823c05f61c365a4f45ba925,https://arkuszowa.curry-house.pl/wp-content/uploads/2020/11/zestaw_3_new_2024.jpg,https://raw.githubusercontent.com/vkprajapati/restaurant-platform-images/Master/products/zestaw-dla-5-osob.jpg,no
